"id","category_id","industry_id"
"1",1,1
"2",1,3
"3",1,4
"4",1,5
"5",2,1
"6",2,3
"7",2,4
"8",2,5
"9",3,1
"10",3,3
"11",3,4
"12",3,5
"13",4,1
"14",4,3
"15",4,4
"16",4,5
"17",5,1
"18",5,3
"19",5,4
"20",5,5
"21",6,1
"22",6,3
"23",6,4
"24",6,5
"25",7,1
"26",7,3
"27",7,4
"28",7,5
"29",8,1
"30",8,3
"31",8,4
"32",8,5
"33",9,1
"34",9,3
"35",9,4
"36",9,5
"37",10,1
"38",10,3
"39",10,4
"40",10,5
"41",11,1
"42",11,3
"43",11,4
"44",11,5
"45",12,1
"46",12,3
"47",12,4
"48",12,5
"49",12,8
"50",13,3
"51",13,4
"52",13,5
"53",13,6
"54",14,3
"55",14,4
"56",14,5
"57",14,6
"58",15,9
"59",15,10
"60",15,11
"61",16,9
"62",16,10
"63",16,11
"64",17,9
"65",17,10
"66",17,11
"67",18,9
"68",18,10
"69",18,11
"70",19,9
"71",19,10
"72",19,11
"73",20,9
"74",20,10
"75",20,11
"76",21,9
"77",21,10
"78",21,11
"79",22,9
"80",22,10
"81",22,11
"82",23,9
"83",23,10
"84",23,11
"85",24,9
"86",24,10
"87",24,11
"88",25,9
"89",25,10
"90",25,11
"91",26,9
"92",26,10
"93",26,11
"94",27,1
"95",27,3
"96",27,4
"97",27,5
"98",27,9
"99",27,10
"100",27,11
"101",28,9
"102",28,10
"103",28,11
"104",29,12
"105",29,13
"106",30,12
"107",30,13
"108",31,12
"109",31,13
"110",32,1
"111",32,3
"112",32,4
"113",32,5
"114",32,12
"115",32,13
"116",32,19
"117",33,12
"118",33,13
"119",34,12
"120",34,13
"121",34,19
"122",35,15
"123",36,15
"124",37,15
"125",38,15
"126",39,15
"127",40,15
"128",41,15
"129",42,15
"130",43,12
"131",43,13
"132",43,25
"133",44,1
"134",44,3
"135",44,4
"136",44,5
"137",44,12
"138",44,13
"139",44,25
"140",45,12
"141",45,13
"142",45,15
"143",45,25
"144",46,12
"145",46,13
"146",46,15
"147",47,15
"148",47,25
"149",48,15
"150",48,25
"151",49,1
"152",49,3
"153",49,4
"154",49,5
"155",49,12
"156",49,13
"157",49,15
"158",49,25
"159",50,1
"160",50,3
"161",50,4
"162",50,5
"163",50,12
"164",50,13
"165",50,15
"166",50,25
"167",51,1
"168",51,3
"169",51,4
"170",51,5
"171",51,25
"172",52,1
"173",52,3
"174",52,4
"175",52,5
"176",52,25
"177",53,15
"178",53,16
"179",54,15
"180",54,16
"181",55,1
"182",55,16
"183",56,1
"184",56,3
"185",56,4
"186",56,5
"187",57,15
"188",58,15
"189",59,1
"190",59,3
"191",59,4
"192",59,5
"193",59,6
"194",59,9
"195",59,10
"196",59,11
"197",59,25
"198",60,9
"199",60,10
"200",60,11
"201",60,25
"202",61,1
"203",61,3
"204",61,4
"205",61,5
"206",61,6
"207",61,8
"208",61,25
"209",62,1
"210",62,3
"211",62,4
"212",62,5
"213",62,6
"214",62,8
"215",62,9
"216",62,10
"217",62,11
"218",62,12
"219",62,13
"220",62,15
"221",62,25
"222",63,1
"223",63,3
"224",63,4
"225",63,5
"226",63,6
"227",63,8
"228",63,25
"229",64,1
"230",64,3
"231",64,4
"232",64,5
"233",64,6
"234",64,8
"235",64,25
"236",65,1
"237",65,3
"238",65,4
"239",65,5
"240",65,12
"241",65,13
"242",65,25
"243",66,1
"244",66,3
"245",66,4
"246",66,5
"247",66,25
"248",67,1
"249",67,3
"250",67,4
"251",67,5
"252",67,15
"253",67,25
"254",68,1
"255",68,3
"256",68,4
"257",68,5
"258",68,9
"259",68,10
"260",68,11
"261",68,15
"262",68,25
"263",69,22
"264",69,28
"265",70,22
"266",70,28
"267",71,22
"268",71,28
"269",72,22
"270",72,28
"271",73,22
"272",73,27
"273",73,28
"274",74,22
"275",74,28
"276",75,22
"277",75,28
"278",76,22
"279",76,27
"280",76,28
"281",77,1
"282",77,3
"283",77,4
"284",77,5
"285",78,1
"286",78,3
"287",78,4
"288",78,5
"289",79,1
"290",79,3
"291",79,4
"292",79,5
"293",80,1
"294",80,3
"295",80,4
"296",80,5
"297",81,1
"298",81,3
"299",81,4
"300",81,5
"301",82,1
"302",82,3
"303",82,4
"304",82,5
"305",83,1
"306",83,3
"307",83,4
"308",83,5
"309",84,1
"310",84,3
"311",84,4
"312",84,5
"313",85,1
"314",85,3
"315",85,4
"316",85,5
"317",86,1
"318",86,3
"319",86,4
"320",86,5
"321",87,1
"322",87,3
"323",87,17
"324",88,1
"325",88,3
"326",88,4
"327",88,5
"328",89,1
"329",89,3
"330",89,4
"331",89,12
"332",89,25
"333",90,1
"334",90,3
"335",90,4
"336",90,12
"337",90,25
"338",91,1
"339",91,2
"340",91,3
"341",91,4
"342",91,12
"343",92,3
"344",92,4
"345",93,3
"346",93,4
"347",93,5
"348",94,3
"349",94,4
"350",94,15
"351",95,2
"352",95,3
"353",95,4
"354",96,3
"355",96,4
"356",96,5
"357",97,1
"358",97,3
"359",97,12
"360",97,25
"361",98,1
"362",98,3
"363",98,4
"364",98,6
"365",98,8
"366",98,21
"367",98,25
"368",98,27
"369",99,1
"370",99,3
"371",99,4
"372",100,3
"373",100,4
"374",100,8
"375",101,3
"376",101,6
"377",101,15
"378",101,21
"379",102,6
"380",102,8
"381",102,21
"382",102,25
"383",103,1
"384",103,2
"385",103,3
"386",103,4
"387",103,9
"388",104,1
"389",104,2
"390",104,3
"391",104,4
"392",104,8
"393",105,1
"394",106,1
"395",107,1
"396",108,1
"397",108,15
"398",109,1
"399",110,1
"400",111,1
"401",112,1
"402",113,1
"403",114,1
"404",115,1
"405",116,1
"406",117,1
"407",118,1
"408",119,1
"409",120,1
"410",121,1
"411",122,1
"412",122,2
"413",123,1
"414",124,1
"415",125,1
"416",126,1
"417",127,1
"418",128,1
"419",129,1
"420",130,1
"421",131,1
"422",131,17
"423",132,1
"424",133,1
"425",134,9
"426",134,10
"427",135,9
"428",135,10
"429",136,9
"430",136,10
"431",137,9
"432",137,10
"433",138,9
"434",138,10
"435",139,9
"436",139,10
"437",140,9
"438",140,10
"439",141,9
"440",141,10
"441",142,9
"442",142,10
"443",143,9
"444",143,10
"445",144,21
"446",144,26
"447",145,21
"448",145,26
"449",146,21
"450",146,26
"451",147,21
"452",147,26
"453",148,21
"454",148,26
"455",149,21
"456",149,26
"457",150,21
"458",150,26
"459",151,21
"460",151,26
"461",152,21
"462",152,26
"463",153,20
"464",154,20
"465",155,20
"466",156,20
"467",157,23
"468",157,24
"469",158,23
"470",158,24
"471",159,23
"472",159,16
"473",160,23
"474",160,16
"475",160,2
"476",160,24
"477",161,23
"478",161,2
"479",161,8
"480",162,23
"481",162,16
"482",162,24
"483",163,23
"484",163,24
"485",163,1
"486",163,8
"487",164,23
"488",164,2
"489",164,1
"490",164,27
"491",165,23
"492",165,24
"493",165,2
"494",165,8
"495",165,1
"496",166,23
"497",166,2
"498",166,1
"499",166,8
"500",167,23
"501",167,8
"502",167,1
"503",168,23
"504",168,8
"505",168,27
"506",168,1
"507",169,23
"508",169,1
"509",169,2
"510",169,3
"511",170,23
"512",170,1
"513",170,4
"514",170,3
"515",170,2
"516",171,17
"517",172,17
"518",172,12
"519",172,18
"520",173,12
"521",173,25
"522",174,12
"523",174,25
"524",175,12
"525",175,13
"526",175,25
"527",176,12
"528",176,13
"529",176,25
"530",177,12
"531",177,8
"532",177,1
"533",178,17
"534",178,12
"535",178,8
"536",178,3
"537",178,1
"538",179,12
"539",179,1
"540",179,3
"541",179,4
"542",180,1
"543",180,2
"544",181,13
"545",181,25
"546",182,13
"547",182,25
"548",183,13
"549",183,27
"550",184,13
"551",184,3
"552",184,1
"553",184,4
"554",184,12
"555",185,13
"556",185,25
"557",185,12
"558",186,13
"559",186,25
"560",187,13
"561",187,25
"562",188,13
"563",188,25
"564",188,12
"565",189,13
"566",189,25
"567",189,12
"568",190,8
"569",190,5
"570",190,21
"571",191,8
"572",191,5
"573",191,21
"574",191,6
"575",192,8
"576",192,5
"577",192,6
"578",192,3
"579",192,4
"580",192,1
"581",193,8
"582",193,5
"583",193,21
"584",193,2
"585",194,2
"586",194,1
"587",194,23
"588",195,2
"589",195,1
"590",196,2
"591",196,1
"592",196,3
"593",197,10
"594",197,26
"595",197,20
"596",197,13
"597",197,15
"598",197,25
"599",197,28
"600",197,12
"601",197,21
"602",197,27
"603",197,6
"604",197,14
"605",197,19
"606",197,18
"607",198,22
"608",198,25
"609",198,28
"610",198,27
"611",198,13
"612",199,22
"613",199,25
"614",199,28
"615",199,27
"616",199,13
"617",200,25
"618",200,28
"619",200,27
"620",200,22
"621",200,13
"622",200,8
"623",200,3
"624",200,21
"625",201,25
"626",201,28
"627",201,27
"628",201,22
"629",201,13
"630",202,25
"631",202,28
"632",202,27
"633",202,22
"634",203,25
"635",203,28
"636",203,27
"637",203,22
"638",203,13
"639",203,6
"640",204,25
"641",204,28
"642",204,27
"643",204,22
"644",204,13
"645",205,25
"646",205,28
"647",205,27
"648",205,22
"649",205,13
"650",205,6
"651",206,3
"652",206,15
"653",206,25
"654",206,28
"655",206,22
"656",206,27
"657",207,3
"658",207,15
"659",207,25
"660",207,28
"661",207,22
"662",207,13
"663",207,19
"664",207,27
"665",208,13
"666",208,19
"667",208,3
"668",208,15
"669",208,22
"670",208,27
"671",209,13
"672",209,20
"673",209,22
"674",209,27
"675",210,13
"676",210,20
"677",210,22
"678",210,27
"679",211,13
"680",211,20
"681",211,22
"682",211,27
"683",211,17
"684",212,3
"685",212,15
"686",212,19
"687",212,16
"688",212,22
"689",212,27
"690",213,3
"691",213,15
"692",213,19
"693",213,16
"694",213,22
"695",213,27
"696",213,10
"697",213,9
"698",214,25
"699",214,28
"700",214,27
"701",214,22
"702",214,13
"703",214,6
"704",215,6
"705",215,10
"706",215,9
"707",215,27
"708",215,22
"709",216,6
"710",216,10
"711",216,9
"712",216,27
"713",216,22
"714",217,6
"715",217,10
"716",217,9
"717",217,27
"718",217,22
"719",218,21
"720",218,26
"721",218,6
"722",218,23
"723",218,24
"724",218,4
"725",219,6
"726",219,8
"727",219,3
"728",219,21
"729",219,7
"730",219,25
"731",219,13
"732",219,22
"733",220,21
"734",220,26
"735",220,6
"736",220,23
"737",220,24
"738",220,8
"739",221,6
"740",221,21
"741",221,26
"742",221,7
"743",222,6
"744",222,21
"745",222,26
"746",222,7
"747",222,23
"748",222,24
"749",223,6
"750",223,21
"751",223,26
"752",223,7
"753",224,6
"754",224,21
"755",224,26
"756",224,7
"757",225,6
"758",225,21
"759",225,26
"760",226,6
"761",226,21
"762",226,26
"763",226,7
"764",226,23
"765",226,24
"766",227,6
"767",227,21
"768",227,26
"769",227,7
"770",228,6
"771",228,21
"772",228,26
"773",229,6
"774",229,21
"775",229,26
"776",230,6
"777",230,21
"778",230,26
"779",230,7
"780",231,14
"781",231,9
"782",232,14
"783",232,9
"784",233,14
"785",234,14
"786",234,21
"787",234,6
"788",235,14
"789",235,21
"790",235,6
"791",236,14
"792",236,21
"793",236,6
"794",237,14
"795",237,9
"796",238,14
"797",238,21
"798",238,6
"799",239,14
"800",239,21
"801",239,6
"802",240,14
"803",240,21
"804",240,6
"805",241,14
"806",241,9
"807",242,14
"808",242,3
"809",242,15
"810",242,19
"811",242,16
"812",243,19
"813",243,16
"814",244,19
"815",244,16
"816",245,19
"817",245,16
"818",246,19
"819",247,19
"820",248,19
"821",249,19
"822",250,19
"823",251,19
"824",251,16
"825",251,15
"826",252,16
"827",253,16
"828",254,16
"829",255,16
"830",256,16
"831",257,16
"832",258,16
"833",259,18
"834",259,27
"835",259,28
"836",259,22
"837",259,25
"838",260,18
"839",260,19
"840",260,13
"841",260,15
"842",260,16
"843",260,8
"844",260,7
"845",261,18
"846",261,19
"847",261,16
"848",261,15
"849",262,18
"850",262,19
"851",262,16
"852",262,15
"853",262,3
"854",262,21
"855",262,27
"856",263,4
"857",263,1
"858",263,2
"859",264,3
"860",264,4
"861",264,1
"862",264,2
"863",265,3
"864",265,4
"865",265,1
"866",266,3
"867",266,4
"868",266,1
"869",267,3
"870",267,4
"871",267,1
"872",268,3
"873",268,4
"874",268,1
"875",268,2
"876",269,3
"877",269,4
"878",269,1
"879",270,3
"880",270,4
"881",270,1
"882",270,2
"883",271,3
"884",271,4
"885",271,1
"886",271,2
"887",272,3
"888",272,4
"889",272,1
"890",273,3
"891",273,4
"892",273,5
"893",274,3
"894",274,4
"895",274,5
"896",275,3
"897",275,4
"898",275,5
"899",276,3
"900",276,4
"901",276,1
"902",276,2
"903",277,3
"904",277,4
"905",277,5
"906",278,3
"907",278,4
"908",278,5
"909",278,2
"910",279,3
"911",279,4
"912",279,5
"913",279,2
"914",280,3
"915",280,4
"916",280,2
"917",281,21
"918",281,6
"919",282,21
"920",283,21
"921",283,6
"922",284,21
"923",284,6
"924",285,21
"925",285,6
"926",286,21
"927",286,6
"928",287,21
"929",288,21
"930",289,21
"931",290,21
"932",290,6
"933",290,7
"934",291,21
"935",291,6
"936",291,7
"937",292,21
"938",292,6
"939",292,7
"940",293,10
"941",293,9
"942",293,11
"943",294,10
"944",294,9
"945",294,11
"946",295,10
"947",295,9
"948",295,11
"949",296,10
"950",296,9
"951",296,11
"952",297,10
"953",297,9
"954",297,11
"955",298,10
"956",298,9
"957",298,11
"958",299,10
"959",299,9
"960",299,11
"961",300,10
"962",300,9
"963",300,11
"964",301,1
"965",301,2
"966",301,24
"967",302,24
"968",303,1
"969",303,2
"970",303,24
"971",304,24
"972",305,21
"973",305,6
"974",305,7
"975",306,21
"976",306,6
"977",306,7
"978",307,21
"979",307,6
"980",307,3
"981",307,4
"982",307,1
"983",308,21
"984",308,6
"985",309,21
"986",309,6
"987",309,3
"988",309,1
"989",309,7
"990",310,3
"991",311,10
"992",311,9
"993",311,11
"994",312,3
"995",312,12
"996",312,15
"997",312,16
"998",312,17
"999",312,19
"1000",312,20
"1001",313,1
"1002",313,2
"1003",313,3
"1004",313,4
"1005",313,5
"1006",313,8
"1007",313,21
"1008",313,24
"1009",314,1
"1010",314,2
"1011",314,3
"1012",314,4
"1013",314,5
"1014",314,8
"1015",314,21
"1016",314,24
"1017",315,1
"1018",315,4
"1019",315,5
"1020",315,8
"1021",315,21
"1022",316,1
"1023",316,4
"1024",316,5
"1025",316,8
"1026",316,21
"1027",317,1
"1028",317,4
"1029",317,5
"1030",317,8
"1031",317,21
"1032",318,1
"1033",318,4
"1034",318,5
"1035",318,8
"1036",318,21
"1037",319,6
"1038",319,22
"1039",320,21
"1040",321,21
"1041",322,21
"1042",322,22
"1043",323,1
"1044",323,24
"1045",324,1
"1046",324,4
"1047",324,5
"1048",324,8
"1049",325,1
"1050",325,4
"1051",325,5
"1052",325,8
"1053",326,1
"1054",326,4
"1055",326,5
"1056",326,8
"1057",326,21
"1058",327,1
"1059",327,16
"1060",327,17
"1061",327,21
"1062",328,1
"1063",328,16
"1064",328,17
"1065",328,21
"1066",329,1
"1067",329,16
"1068",329,17
"1069",329,21
"1070",330,4
"1071",330,5
"1072",331,1
"1073",331,4
"1074",331,5
"1075",331,8
"1076",332,4
"1077",332,5
